userChoice,type,name,spatialScale,category,source
F,value,TestMode,options,options,
PROJECT,string,PROJECT_NAME,options,options,
OUTPUT,string,OUTPUT_FILE_NAME,options,options,
0,value,CLONES,options,options,
F,value,TOGGLE_IMPORT_ARCHIVES,options,options,
F,value,ALL_VARIABLES,options,options,
0,value,QUERY_TYPE,options,options,
F,value,CREATE_SAMPLE_AREAS_ONLY_YN,options,options,
0,value,AOI_BUFFER_SIZE,options,options,
T,value,REMOVE_DUPLICATES_YN,options,options,
F,value,USE_RANDOM_POINTS_YN,options,options,
F,value,RANDOM_USER_POINTS_YN,options,options,
10,value,RANDOM_POINT_COUNT,options,options,
50,value,RANDOM_POINT_SPACING,options,options,
F,value,MOVE_TO_STREAM_YN,options,options,
F,value,MOVE_TO_STREAM_SEGMENT_YN,options,options,
F,value,FIND_STREAM_SEGMENT_POINTS_YN,options,options,
SQ_KM,string,AREA_UNIT,options,options,
3,string,MIN_SHED,options,options,
,string,MAX_SHED,options,options,
1000,value,DIST_TO_RADIUS,options,options,
0,value,DIST_TO_MIN_PATCH_SIZE,options,options,
1000,value,RIPARIAN_BUFFER_WIDTH,options,options,
1000,value,LOCAL_RADIUS,options,options,
1000,value,PATH_WIDTH,options,options,
LANDSAT.tif,string,LANDSAT_FILE_NAME,options,options,
USER_RASTER.tif,string,USER_RASTER_FILE_NAME,options,options,
,class,JF_BULK_DEN,point,Falcone,
,class,JF_CLAY,point,Falcone,
,class,JF_CONTACT,point,Falcone,
,class,JF_H2O_CAPACITY,point,Falcone,
,class,JF_H2O_TABLE_DEPTH,point,Falcone,
,class,JF_HGA,point,Falcone,
,class,JF_HGAC,point,Falcone,
,class,JF_HGAD,point,Falcone,
,class,JF_HGB,point,Falcone,
,class,JF_HGBC,point,Falcone,
,class,JF_HGBD,point,Falcone,
,class,JF_HGC,point,Falcone,
,class,JF_HGCD,point,Falcone,
,class,JF_HGD,point,Falcone,
,class,JF_HGVAR,point,Falcone,
,class,JF_IE,point,Falcone,
,class,JF_KFACT,point,Falcone,
,class,JF_ORG_MATTER,point,Falcone,
,class,JF_OVERLAND_FLOW,point,Falcone,
,class,JF_PERC_SNOW,point,Falcone,
,class,JF_PERC_SOIL_074MM,point,Falcone,
,class,JF_PERC_SOIL_2MM,point,Falcone,
,class,JF_PERC_SOIL_5MM,point,Falcone,
,class,JF_PERMEABILITY,point,Falcone,
,class,JF_PET,point,Falcone,
,class,JF_RFACT,point,Falcone,
,class,JF_ROCK_DEPTH,point,Falcone,
,class,JF_RUNOFF_ANN,point,Falcone,
,class,JF_RUNOFF_APR,point,Falcone,
,class,JF_RUNOFF_AUG,point,Falcone,
,class,JF_RUNOFF_DEC,point,Falcone,
,class,JF_RUNOFF_FEB,point,Falcone,
,class,JF_RUNOFF_JAN,point,Falcone,
,class,JF_RUNOFF_JUL,point,Falcone,
,class,JF_RUNOFF_JUN,point,Falcone,
,class,JF_RUNOFF_MAR,point,Falcone,
,class,JF_RUNOFF_MAY,point,Falcone,
,class,JF_RUNOFF_NOV,point,Falcone,
,class,JF_RUNOFF_OCT,point,Falcone,
,class,JF_RUNOFF_SEP,point,Falcone,
,class,JF_RUNOFF7100,point,Falcone,
,class,JF_SAND,point,Falcone,
,class,JF_SILT,point,Falcone,
,class,JF_SURF_GEOL,point,Falcone,
,class,JF_TOPOWET,point,Falcone,
,class,ELEVATION,point,topography,
,class,SLOPE,point,topography,
,class,ASPECT,point,topography,
,class,LC2016_L1,point,landCover,
[],list,DIST_TO_LC2016_L1,point,landCover,
,class,LC2016_L2,point,landCover,
[],list,DIST_TO_LC2016_L2,point,landCover,
,class,LC2010_L1,point,landCover,
[],list,DIST_TO_LC2010_L1,point,landCover,
,class,LC2010_L2,point,landCover,
[],list,DIST_TO_LC2010_L2,point,landCover,
,class,LC2010_L3,point,landCover,
[],list,DIST_TO_LC2010_L3,point,landCover,
,class,LC2011_L1,point,landCover,
[],list,DIST_TO_LC2011_L1,point,landCover,
,class,LC2011_L2,point,landCover,
[],list,DIST_TO_LC2011_L2,point,landCover,
,class,LC2006_L1,point,landCover,
[],list,DIST_TO_LC2006_L1,point,landCover,
,class,LC2006_L2,point,landCover,
[],list,DIST_TO_LC2006_L2,point,landCover,
,class,LC2001_L1,point,landCover,
[],list,DIST_TO_LC2001_L1,point,landCover,
,class,LC2001_L2,point,landCover,
[],list,DIST_TO_LC2001_L2,point,landCover,
,class,LC1992_L1,point,landCover,
[],list,DIST_TO_LC1992_L1,point,landCover,
,class,LC1992_L2,point,landCover,
[],list,DIST_TO_LC1992_L2,point,landCover,
,class,LC1980_L1,point,landCover,
[],list,DIST_TO_LC1980_L1,point,landCover,
,class,LC1980_L2,point,landCover,
[],list,DIST_TO_LC1980_L2,point,landCover,
,class,CANOPY_2001,point,landCover,
,class,BASE_FLOW_INDEX_AVG,point,hydrology,
,class,GROUNDWATER_RECHARGE_AVG,point,hydrology,
,class,STREAM_SLOPE,point,hydrology,
,class,STREAM_ORDER_STRAHLER,point,hydrology,
,class,STREAM_ORDER_SHREVE,point,hydrology,
,class,DIST_TO_STREAM,point,hydrology,
,class,POP_DEN_2000,point,humans,
,class,HOUSEHOLD_DEN_2000,point,humans,
,class,NIGHTTIME_LIGHTS_1993,point,humans,
,class,NIGHTTIME_LIGHTS_2003,point,humans,
,class,DMSP_STABLE_LIGHTS_AVG_2000,point,humans,
,class,PESTICIDE_1992_ALL,point,humans,
[],list,PESTICIDE_1992_SPECIFIC,point,humans,
,class,PESTICIDE_1997_ALL,point,humans,
[],list,PESTICIDE_1997_SPECIFIC,point,humans,
,class,IMPERVIOUS_2016_2016,point,humans,
,class,IMPERVIOUS_2011,point,humans,
,class,IMPERVIOUS_2006,point,humans,
,class,IMPERVIOUS_2001,point,humans,
,class,DIST_TO_ROAD,point,humans,
[],list,DIST_TO_ROAD_TYPE,point,humans,
,class,FIRES_PER_DECADE,point,humans,
[],list,FIRES_ANNUAL,point,humans,
,class,OIL_GAS_2005,point,humans,
,class,OIL_GAS_2000,point,humans,
,class,OIL_GAS_1990,point,humans,
,class,OIL_GAS_1980,point,humans,
,class,OIL_GAS_1970,point,humans,
,class,OIL_GAS_1960,point,humans,
,class,OIL_GAS_1950,point,humans,
,class,OIL_GAS_1940,point,humans,
,class,OIL_GAS_1930,point,humans,
,class,OIL_GAS_1920,point,humans,
,class,OIL_GAS_1910,point,humans,
,class,OIL_GAS_1900,point,humans,
,class,OIL_GAS_pre1900,point,humans,
,class,SOIL,point,geology,
,class,SOIL_HYDRO_GROUP,point,geology,
,class,GEOLOGY,point,geology,
,class,GEOLOGY_MINOR,point,geology,WorldClim
,class,AQUIFER_DOM,point,geology,WorldClim
,class,AQUIFER_TYPE_DOM,point,geology,WorldClim
,class,SAND_SILT_CLAY,point,geology,WorldClim
[],list,PRECIP_MONTHLY,point,climate,WorldClim
[],list,TMEAN_MONTHLY,point,climate,WorldClim
[],list,TMIN_MONTHLY,point,climate,WorldClim
[],list,TMAX_MONTHLY,point,climate,WorldClim
,class,ANNUAL_MEAN_TEMP,point,climate,WorldClim
,class,ANNUAL_PRECIP,point,climate,WorldClim
,class,ISOTHERMALITY,point,climate,WorldClim
,class,MAX_TEMP_WARMEST_MONTH,point,climate,WorldClim
,class,MEAN_DIURNAL_RANGE,point,climate,WorldClim
,class,MEAN_TEMP_COLDEST_QUARTER,point,climate,WorldClim
,class,MEAN_TEMP_DRIEST_QUARTER,point,climate,WorldClim
,class,MEAN_TEMP_WARMEST_QUARTER,point,climate,WorldClim
,class,MEAN_TEMP_WETTEST_QUARTER,point,climate,WorldClim
,class,MIN_TEMP_COLDEST_MONTH,point,climate,WorldClim
,class,PRECIP_COLDEST_QUARTER,point,climate,WorldClim
,class,PRECIP_DRIEST_MONTH,point,climate,WorldClim
,class,PRECIP_DRIEST_QUARTER,point,climate,WorldClim
,class,PRECIP_SEASONALITY,point,climate,WorldClim
,class,PRECIP_WARMEST_QUARTER,point,climate,WorldClim
,class,PRECIP_WETTEST_MONTH,point,climate,Prism
,class,PRECIP_WETTEST_QUARTER,point,climate,Prism
,class,TEMP_ANNUAL_RANGE,point,climate,Prism
,class,TEMP_SEASONALITY,point,climate,Prism
,class,ANNUAL_PPT,point,climate,Prism
,class,ANNUAL_PPT_MAX,point,climate,Prism
,class,ANNUAL_PPT_MIN,point,climate,Prism
,class,ANNUAL_PPT_HL_RATIO,point,climate,Prism
[],list,MONTHLY_PPT,point,climate,Prism
,class,ANNUAL_TMIN,point,climate,Prism
,class,ANNUAL_TMIN_MAX,point,climate,Prism
,class,ANNUAL_TMIN_MIN,point,climate,Prism
,class,ANNUAL_TMIN_HL_RATIO,point,climate,Prism
,class,WINTER_TMIN_AVG,point,climate,Prism
[],list,MONTHLY_TMIN,point,climate,Prism
,class,ANNUAL_TMAX,point,climate,Prism
,class,ANNUAL_TMAX_MAX,point,climate,
,class,ANNUAL_TMAX_MIN,point,climate,
,class,ANNUAL_TMAX_HL_RATIO,point,climate,
[],list,MONTHLY_TMAX,point,climate,
,class,JF_BULK_DEN_AVG,local,Falcone,
,class,JF_CLAY_AVG,local,Falcone,
,class,JF_CONTACT_AVG,local,Falcone,
,class,JF_H2O_CAPACITY_AVG,local,Falcone,
,class,JF_H2O_TABLE_DEPTH_AVG,local,Falcone,
,class,JF_HGA_AVG,local,Falcone,
,class,JF_HGAC_AVG,local,Falcone,
,class,JF_HGAD_AVG,local,Falcone,
,class,JF_HGB_AVG,local,Falcone,
,class,JF_HGBC_AVG,local,Falcone,
,class,JF_HGBD_AVG,local,Falcone,
,class,JF_HGC_AVG,local,Falcone,
,class,JF_HGCD_AVG,local,Falcone,
,class,JF_HGD_AVG,local,Falcone,
,class,JF_HGVAR_AVG,local,Falcone,
,class,JF_IE_AVG,local,Falcone,
,class,JF_KFACT_AVG,local,Falcone,
,class,JF_ORG_MATTER_AVG,local,Falcone,
,class,JF_OVERLAND_FLOW_AVG,local,Falcone,
,class,JF_PERC_SNOW_AVG,local,Falcone,
,class,JF_PERC_SOIL_074MM_AVG,local,Falcone,
,class,JF_PERC_SOIL_2MM_AVG,local,Falcone,
,class,JF_PERC_SOIL_5MM_AVG,local,Falcone,
,class,JF_PERMEABILITY_AVG,local,Falcone,
,class,JF_PET_AVG,local,Falcone,
,class,JF_RFACT_AVG,local,Falcone,
,class,JF_ROCK_DEPTH_AVG,local,Falcone,
,class,JF_RUNOFF_ANN_AVG,local,Falcone,
,class,JF_RUNOFF_APR_AVG,local,Falcone,
,class,JF_RUNOFF_AUG_AVG,local,Falcone,
,class,JF_RUNOFF_DEC_AVG,local,Falcone,
,class,JF_RUNOFF_FEB_AVG,local,Falcone,
,class,JF_RUNOFF_JAN_AVG,local,Falcone,
,class,JF_RUNOFF_JUL_AVG,local,Falcone,
,class,JF_RUNOFF_JUN_AVG,local,Falcone,
,class,JF_RUNOFF_MAR_AVG,local,Falcone,
,class,JF_RUNOFF_MAY_AVG,local,Falcone,
,class,JF_RUNOFF_NOV_AVG,local,Falcone,
,class,JF_RUNOFF_OCT_AVG,local,Falcone,
,class,JF_RUNOFF_SEP_AVG,local,Falcone,
,class,JF_RUNOFF7100_AVG,local,Falcone,
,class,JF_SAND_AVG,local,Falcone,
,class,JF_SILT_AVG,local,Falcone,
,class,JF_SURF_GEOL_DOM,local,Falcone,
,class,JF_SURF_GEOL_VAR,local,Falcone,
,list,JF_SURF_GEOL_COVER,local,Falcone,
,class,JF_TOPOWET_AVG,local,Falcone,
,class,ELEVATION_AVG,local,topography,
,class,ELEVATION_MAX,local,topography,
,class,ELEVATION_MIN,local,topography,
,class,ELEVATION_RANGE,local,topography,
,class,SLOPE_AVG,local,topography,
,class,SLOPE_MAX,local,topography,
,class,ASPECT_DOM,local,topography,
,class,LC2010_L1_DOM,local,landCover,
,class,LC2010_L1_VAR,local,landCover,
[],list,LC2010_L1_COVER,local,landCover,
,class,LC2010_L2_DOM,local,landCover,
,class,LC2010_L2_VAR,local,landCover,
[],list,LC2010_L2_COVER,local,landCover,
,class,LC2010_L3_DOM,local,landCover,
,class,LC2010_L3_VAR,local,landCover,
[],list,LC2010_L3_COVER,local,landCover,
,class,LC2016_L1_DOM,local,landCover,
,class,LC2016_L1_VAR,local,landCover,
[],list,LC2016_L1_COVER,local,landCover,
,class,LC2016_L2_DOM,local,landCover,
,class,LC2016_L2_VAR,local,landCover,
[],list,LC2016_L2_COVER,local,landCover,
,class,LC2011_L1_DOM,local,landCover,
,class,LC2011_L1_VAR,local,landCover,
[],list,LC2011_L1_COVER,local,landCover,
,class,LC2011_L2_DOM,local,landCover,
,class,LC2011_L2_VAR,local,landCover,
[],list,LC2011_L2_COVER,local,landCover,
,class,LC2006_L1_DOM,local,landCover,
,class,LC2006_L1_VAR,local,landCover,
[],list,LC2006_L1_COVER,local,landCover,
,class,LC2006_L2_DOM,local,landCover,
,class,LC2006_L2_VAR,local,landCover,
[],list,LC2006_L2_COVER,local,landCover,
,class,LC2001_L1_DOM,local,landCover,
,class,LC2001_L1_VAR,local,landCover,
[],list,LC2001_L1_COVER,local,landCover,
,class,LC2001_L2_DOM,local,landCover,
,class,LC2001_L2_VAR,local,landCover,
[],list,LC2001_L2_COVER,local,landCover,
,class,LC1992_L1_DOM,local,landCover,
,class,LC1992_L1_VAR,local,landCover,
[],list,LC1992_L1_COVER,local,landCover,
,class,LC1992_L2_DOM,local,landCover,
,class,LC1992_L2_VAR,local,landCover,
[],list,LC1992_L2_COVER,local,landCover,
,class,LC1980_L1_DOM,local,landCover,
,class,LC1980_L1_VAR,local,landCover,
[],list,LC1980_L1_COVER,local,landCover,
,class,LC1980_L2_DOM,local,landCover,
,class,LC1980_L2_VAR,local,landCover,
[],list,LC1980_L2_COVER,local,landCover,
,class,CANOPY_2001,local,landCover,
,class,BASE_FLOW_INDEX_AVG,local,hydrology,
,class,GROUNDWATER_RECHARGE_AVG,local,hydrology,
,class,STREAM_SLOPE_AVG,local,hydrology,
,class,STREAM_SLOPE_MAX,local,hydrology,
,class,POP_DEN_2000,local,humans,
,class,HOUSEHOLD_DEN_2000,local,humans,
,class,NIGHTTIME_LIGHTS_1993,local,humans,
,class,NIGHTTIME_LIGHTS_2003,local,humans,
,class,DMSP_STABLE_LIGHTS_AVG_2000,local,humans,
,class,DMSP_STABLE_LIGHTS_MAX_2000,local,humans,
,class,PESTICIDE_1992_ALL,local,humans,
[],list,PESTICIDE_1992_SPECIFIC,local,humans,USGS
,class,PESTICIDE_1997_ALL,local,humans,USGS
[],list,PESTICIDE_1997_SPECIFIC,local,humans,USGS
,class,IMPERVIOUS_2016_2016,local,humans,
,class,IMPERVIOUS_2011,local,humans,USGS
,class,IMPERVIOUS_2006,local,humans,USGS
,class,IMPERVIOUS_2001,local,humans,USGS
,class,ROAD_DENSITY_2011,local,humans,USGS
[],list,ROAD_TYPE_DENSITY_2011,local,humans,USGS
,class,FIRES_PER_DECADE,local,humans,USGS
[],list,FIRES_ANNUAL,local,humans,USGS
,class,OIL_GAS_2005,local,humans,USGS
,class,OIL_GAS_2000,local,humans,USGS
,class,OIL_GAS_1990,local,humans,USGS
,class,OIL_GAS_1980,local,humans,AOGC
,class,OIL_GAS_1970,local,humans,AOGC
,class,OIL_GAS_1960,local,humans,AOGC
,class,OIL_GAS_1950,local,humans,AOGC
,class,OIL_GAS_1940,local,humans,AOGC
,class,OIL_GAS_1930,local,humans,NID
,class,OIL_GAS_1920,local,humans,NID
,class,OIL_GAS_1910,local,humans,NPDES
,class,OIL_GAS_1900,local,humans,NPDES
,class,OIL_GAS_pre1900,local,humans,
,class,OIL_GAS_WELL_DEN,local,humans,
,class,GAS_ACTIVE_WELL_DEN,local,humans,
,class,GAS_ALL_WELL_DEN,local,humans,
,class,OIL_ACTIVE_WELL_DEN,local,humans,
,class,OIL_ALL_WELL_DEN,local,humans,
,class,DAM_DEN,local,humans,
,class,NPDES_ALL_DEN,local,humans,
,class,NPDES_MAJ_DEN,local,humans,
,class,DAM_STOR,local,humans,
,class,SOIL_DOM,local,geology,
,class,SOIL_VAR,local,geology,
[],list,SOIL_COVER,local,geology,
,class,SOIL_HYDRO_GROUP,local,geology,
,class,GEOLOGY_DOM,local,geology,
,class,GEOLOGY_VAR,local,geology,
[],list,GEOLOGY_COVER,local,geology,
,class,GEOLOGY_MINOR_DOM,local,geology,WorldClim
,class,GEOLOGY_MINOR_VAR,local,geology,WorldClim
[],list,GEOLOGY_MINOR_COVER,local,geology,WorldClim
,class,SAND_SILT_CLAY,local,geology,WorldClim
,class,AQUIFER_DOM,local,geology,WorldClim
,class,AQUIFER_VAR,local,geology,WorldClim
,class,AQUIFER_TYPE_DOM,local,geology,WorldClim
,class,AQUIFER_TYPE_VAR,local,geology,WorldClim
[],list,AQUIFER_COVER,local,geology,WorldClim
[],list,AQUIFER_TYPE_COVER,local,geology,WorldClim
[],list,PRECIP_MONTHLY,local,climate,WorldClim
[],list,TMEAN_MONTHLY,local,climate,WorldClim
[],list,TMIN_MONTHLY,local,climate,WorldClim
[],list,TMAX_MONTHLY,local,climate,WorldClim
,class,ANNUAL_MEAN_TEMP,local,climate,WorldClim
,class,ANNUAL_PRECIP,local,climate,WorldClim
,class,ISOTHERMALITY,local,climate,WorldClim
,class,MAX_TEMP_WARMEST_MONTH,local,climate,WorldClim
,class,MEAN_DIURNAL_RANGE,local,climate,WorldClim
,class,MEAN_TEMP_COLDEST_QUARTER,local,climate,WorldClim
,class,MEAN_TEMP_DRIEST_QUARTER,local,climate,WorldClim
,class,MEAN_TEMP_WARMEST_QUARTER,local,climate,WorldClim
,class,MEAN_TEMP_WETTEST_QUARTER,local,climate,WorldClim
,class,MIN_TEMP_COLDEST_MONTH,local,climate,Prism
,class,PRECIP_COLDEST_QUARTER,local,climate,Prism
,class,PRECIP_DRIEST_MONTH,local,climate,Prism
,class,PRECIP_DRIEST_QUARTER,local,climate,Prism
,class,PRECIP_SEASONALITY,local,climate,Prism
,class,PRECIP_WARMEST_QUARTER,local,climate,Prism
,class,PRECIP_WETTEST_MONTH,local,climate,Prism
,class,PRECIP_WETTEST_QUARTER,local,climate,Prism
,class,TEMP_ANNUAL_RANGE,local,climate,Prism
,class,TEMP_SEASONALITY,local,climate,Prism
,class,ANNUAL_PPT,local,climate,Prism
,class,ANNUAL_PPT_MAX,local,climate,Prism
,class,ANNUAL_PPT_MIN,local,climate,Prism
,class,ANNUAL_PPT_HL_RATIO,local,climate,Prism
[],list,MONTHLY_PPT,local,climate,Prism
,class,ANNUAL_TMIN,local,climate,Prism
,class,ANNUAL_TMIN_MAX,local,climate,
,class,ANNUAL_TMIN_MIN,local,climate,
,class,ANNUAL_TMIN_HL_RATIO,local,climate,
,class,WINTER_TMIN_AVG,local,climate,
[],list,MONTHLY_TMIN,local,climate,
,class,ANNUAL_TMAX,local,climate,
,class,ANNUAL_TMAX_MAX,local,climate,
,class,ANNUAL_TMAX_MIN,local,climate,
,class,ANNUAL_TMAX_HL_RATIO,local,climate,
[],list,MONTHLY_TMAX,local,climate,
,class,JF_BULK_DEN_AVG,watershed,Falcone,
,class,JF_CLAY_AVG,watershed,Falcone,
,class,JF_CONTACT_AVG,watershed,Falcone,
,class,JF_H2O_CAPACITY_AVG,watershed,Falcone,
,class,JF_H2O_TABLE_DEPTH_AVG,watershed,Falcone,
,class,JF_HGA_AVG,watershed,Falcone,
,class,JF_HGAC_AVG,watershed,Falcone,
,class,JF_HGAD_AVG,watershed,Falcone,
,class,JF_HGB_AVG,watershed,Falcone,
,class,JF_HGBC_AVG,watershed,Falcone,
,class,JF_HGBD_AVG,watershed,Falcone,
,class,JF_HGC_AVG,watershed,Falcone,
,class,JF_HGCD_AVG,watershed,Falcone,
,class,JF_HGD_AVG,watershed,Falcone,
,class,JF_HGVAR_AVG,watershed,Falcone,
,class,JF_IE_AVG,watershed,Falcone,
,class,JF_KFACT_AVG,watershed,Falcone,
,class,JF_ORG_MATTER_AVG,watershed,Falcone,
,class,JF_OVERLAND_FLOW_AVG,watershed,Falcone,
,class,JF_PERC_SNOW_AVG,watershed,Falcone,
,class,JF_PERC_SOIL_074MM_AVG,watershed,Falcone,
,class,JF_PERC_SOIL_2MM_AVG,watershed,Falcone,
,class,JF_PERC_SOIL_5MM_AVG,watershed,Falcone,
,class,JF_PERMEABILITY_AVG,watershed,Falcone,
,class,JF_PET_AVG,watershed,Falcone,
,class,JF_RFACT_AVG,watershed,Falcone,
,class,JF_ROCK_DEPTH_AVG,watershed,Falcone,
,class,JF_RUNOFF_ANN_AVG,watershed,Falcone,
,class,JF_RUNOFF_APR_AVG,watershed,Falcone,
,class,JF_RUNOFF_AUG_AVG,watershed,Falcone,
,class,JF_RUNOFF_DEC_AVG,watershed,Falcone,
,class,JF_RUNOFF_FEB_AVG,watershed,Falcone,
,class,JF_RUNOFF_JAN_AVG,watershed,Falcone,
,class,JF_RUNOFF_JUL_AVG,watershed,Falcone,
,class,JF_RUNOFF_JUN_AVG,watershed,Falcone,
,class,JF_RUNOFF_MAR_AVG,watershed,Falcone,
,class,JF_RUNOFF_MAY_AVG,watershed,Falcone,
,class,JF_RUNOFF_NOV_AVG,watershed,Falcone,
,class,JF_RUNOFF_OCT_AVG,watershed,Falcone,
,class,JF_RUNOFF_SEP_AVG,watershed,Falcone,
,class,JF_RUNOFF7100_AVG,watershed,Falcone,
,class,JF_SAND_AVG,watershed,Falcone,
,class,JF_SILT_AVG,watershed,Falcone,
,class,JF_SURF_GEOL_DOM,watershed,Falcone,
,class,JF_SURF_GEOL_VAR,watershed,Falcone,
,list,JF_SURF_GEOL_COVER,watershed,Falcone,
,class,JF_TOPOWET_AVG,watershed,Falcone,
,class,ELEVATION_AVG,watershed,topography,
,class,ELEVATION_MAX,watershed,topography,
,class,ELEVATION_MIN,watershed,topography,
,class,ELEVATION_RANGE,watershed,topography,
,class,SLOPE_AVG,watershed,topography,
,class,SLOPE_MAX,watershed,topography,
,class,ASPECT_DOM,watershed,topography,
,class,LC2010_L1_DOM,watershed,landCover,
,class,LC2010_L1_VAR,watershed,landCover,
[],list,LC2010_L1_COVER,watershed,landCover,
,class,LC2010_L2_DOM,watershed,landCover,
,class,LC2010_L2_VAR,watershed,landCover,
[],list,LC2010_L2_COVER,watershed,landCover,
,class,LC2010_L3_DOM,watershed,landCover,
,class,LC2010_L3_VAR,watershed,landCover,
[],list,LC2010_L3_COVER,watershed,landCover,
,class,LC2016_L1_DOM,watershed,landCover,
,class,LC2016_L1_VAR,watershed,landCover,
[],list,LC2016_L1_COVER,watershed,landCover,
,class,LC2016_L2_DOM,watershed,landCover,
,class,LC2016_L2_VAR,watershed,landCover,
[],list,LC2016_L2_COVER,watershed,landCover,
,class,LC2011_L1_DOM,watershed,landCover,
,class,LC2011_L1_VAR,watershed,landCover,
[],list,LC2011_L1_COVER,watershed,landCover,
,class,LC2011_L2_DOM,watershed,landCover,
,class,LC2011_L2_VAR,watershed,landCover,
[],list,LC2011_L2_COVER,watershed,landCover,
,class,LC2006_L1_DOM,watershed,landCover,
,class,LC2006_L1_VAR,watershed,landCover,
[],list,LC2006_L1_COVER,watershed,landCover,
,class,LC2006_L2_DOM,watershed,landCover,
,class,LC2006_L2_VAR,watershed,landCover,
[],list,LC2006_L2_COVER,watershed,landCover,
,class,LC2001_L1_DOM,watershed,landCover,
,class,LC2001_L1_VAR,watershed,landCover,
[],list,LC2001_L1_COVER,watershed,landCover,
,class,LC2001_L2_DOM,watershed,landCover,
,class,LC2001_L2_VAR,watershed,landCover,
[],list,LC2001_L2_COVER,watershed,landCover,
,class,LC1992_L1_DOM,watershed,landCover,
,class,LC1992_L1_VAR,watershed,landCover,
[],list,LC1992_L1_COVER,watershed,landCover,
,class,LC1992_L2_DOM,watershed,landCover,
,class,LC1992_L2_VAR,watershed,landCover,
[],list,LC1992_L2_COVER,watershed,landCover,
,class,LC1980_L1_DOM,watershed,landCover,
,class,LC1980_L1_VAR,watershed,landCover,
[],list,LC1980_L1_COVER,watershed,landCover,
,class,LC1980_L2_DOM,watershed,landCover,
,class,LC1980_L2_VAR,watershed,landCover,
[],list,LC1980_L2_COVER,watershed,landCover,
,class,CANOPY_2001,watershed,landCover,
,class,WATERSHED_AREA,watershed,hydrology,
,class,BASE_FLOW_INDEX_AVG,watershed,hydrology,
,class,GROUNDWATER_RECHARGE_AVG,watershed,hydrology,
,class,STREAM_SLOPE_AVG,watershed,hydrology,
,class,STREAM_SLOPE_MAX,watershed,hydrology,
,class,NODE_DEN,watershed,hydrology,
,class,STREAM_DEN,watershed,hydrology,
,class,SPRING_DEN,watershed,hydrology,
,class,ARTIFICIAL_PATH,watershed,hydrology,
,class,CANAL,watershed,hydrology,
,class,POP_DEN_2000,watershed,humans,
,class,HOUSEHOLD_DEN_2000,watershed,humans,
,class,NIGHTTIME_LIGHTS_1993,watershed,humans,
,class,NIGHTTIME_LIGHTS_2003,watershed,humans,
,class,DMSP_STABLE_LIGHTS_AVG_2000,watershed,humans,
,class,DMSP_STABLE_LIGHTS_MAX_2000,watershed,humans,
,class,PESTICIDE_1992_ALL,watershed,humans,
[],list,PESTICIDE_1992_SPECIFIC,watershed,humans,
,class,PESTICIDE_1997_ALL,watershed,humans,
[],list,PESTICIDE_1997_SPECIFIC,watershed,humans,
,class,IMPERVIOUS_2016_2016,watershed,humans,
,class,IMPERVIOUS_2011,watershed,humans,
,class,IMPERVIOUS_2006,watershed,humans,
,class,IMPERVIOUS_2001,watershed,humans,
,class,ROAD_DENSITY_2011,watershed,humans,
[],list,ROAD_TYPE_DENSITY_2011,watershed,humans,AOGC
,class,FIRES_PER_DECADE,watershed,humans,AOGC
[],list,FIRES_ANNUAL,watershed,humans,AOGC
,class,OIL_GAS_2005,watershed,humans,AOGC
,class,OIL_GAS_2000,watershed,humans,AOGC
,class,OIL_GAS_1990,watershed,humans,NID
,class,OIL_GAS_1980,watershed,humans,NID
,class,OIL_GAS_1970,watershed,humans,NPDES
,class,OIL_GAS_1960,watershed,humans,NPDES
,class,OIL_GAS_1950,watershed,humans,
,class,OIL_GAS_1940,watershed,humans,
,class,OIL_GAS_1930,watershed,humans,
,class,OIL_GAS_1920,watershed,humans,
,class,OIL_GAS_1910,watershed,humans,
,class,OIL_GAS_1900,watershed,humans,
,class,OIL_GAS_pre1900,watershed,humans,
,class,OIL_GAS_WELL_DEN,watershed,humans,
,class,GAS_ACTIVE_WELL_DEN,watershed,humans,
,class,GAS_ALL_WELL_DEN,watershed,humans,
,class,OIL_ACTIVE_WELL_DEN,watershed,humans,
,class,OIL_ALL_WELL_DEN,watershed,humans,
,class,DAM_DEN,watershed,humans,
,class,DAM_STOR,watershed,humans,
,class,NPDES_ALL_DEN,watershed,humans,
,class,NPDES_MAJ_DEN,watershed,humans,
,class,SOIL_DOM,watershed,geology,
,class,SOIL_VAR,watershed,geology,WorldClim
[],list,SOIL_COVER,watershed,geology,WorldClim
,class,SOIL_HYDRO_GROUP,watershed,geology,WorldClim
,class,GEOLOGY_DOM,watershed,geology,WorldClim
,class,GEOLOGY_VAR,watershed,geology,WorldClim
[],list,GEOLOGY_COVER,watershed,geology,WorldClim
,class,GEOLOGY_MINOR_DOM,watershed,geology,WorldClim
,class,GEOLOGY_MINOR_VAR,watershed,geology,WorldClim
[],list,GEOLOGY_MINOR_COVER,watershed,geology,WorldClim
,class,AQUIFER_DOM,watershed,geology,WorldClim
,class,AQUIFER_VAR,watershed,geology,WorldClim
,class,AQUIFER_TYPE_DOM,watershed,geology,WorldClim
,class,AQUIFER_TYPE_VAR,watershed,geology,WorldClim
[],list,AQUIFER_COVER,watershed,geology,WorldClim
[],list,AQUIFER_TYPE_COVER,watershed,geology,WorldClim
,class,SAND_SILT_CLAY,watershed,geology,WorldClim
[],list,PRECIP_MONTHLY,watershed,climate,WorldClim
[],list,TMEAN_MONTHLY,watershed,climate,WorldClim
[],list,TMIN_MONTHLY,watershed,climate,WorldClim
[],list,TMAX_MONTHLY,watershed,climate,WorldClim
,class,ANNUAL_MEAN_TEMP,watershed,climate,WorldClim
,class,ANNUAL_PRECIP,watershed,climate,WorldClim
,class,ISOTHERMALITY,watershed,climate,WorldClim
,class,MAX_TEMP_WARMEST_MONTH,watershed,climate,Prism
,class,MEAN_DIURNAL_RANGE,watershed,climate,Prism
,class,MEAN_TEMP_COLDEST_QUARTER,watershed,climate,Prism
,class,MEAN_TEMP_DRIEST_QUARTER,watershed,climate,Prism
,class,MEAN_TEMP_WARMEST_QUARTER,watershed,climate,Prism
,class,MEAN_TEMP_WETTEST_QUARTER,watershed,climate,Prism
,class,MIN_TEMP_COLDEST_MONTH,watershed,climate,Prism
,class,PRECIP_COLDEST_QUARTER,watershed,climate,Prism
,class,PRECIP_DRIEST_MONTH,watershed,climate,Prism
,class,PRECIP_DRIEST_QUARTER,watershed,climate,Prism
,class,PRECIP_SEASONALITY,watershed,climate,Prism
,class,PRECIP_WARMEST_QUARTER,watershed,climate,Prism
,class,PRECIP_WETTEST_MONTH,watershed,climate,Prism
,class,PRECIP_WETTEST_QUARTER,watershed,climate,Prism
,class,TEMP_ANNUAL_RANGE,watershed,climate,Prism
,class,TEMP_SEASONALITY,watershed,climate,Prism
,class,ANNUAL_PPT,watershed,climate,
,class,ANNUAL_PPT_MAX,watershed,climate,
,class,ANNUAL_PPT_MIN,watershed,climate,
,class,ANNUAL_PPT_HL_RATIO,watershed,climate,
[],list,MONTHLY_PPT,watershed,climate,
,class,ANNUAL_TMIN,watershed,climate,
,class,ANNUAL_TMIN_MAX,watershed,climate,
,class,ANNUAL_TMIN_MIN,watershed,climate,
,class,ANNUAL_TMIN_HL_RATIO,watershed,climate,
,class,WINTER_TMIN_AVG,watershed,climate,
[],list,MONTHLY_TMIN,watershed,climate,
,class,ANNUAL_TMAX,watershed,climate,
,class,ANNUAL_TMAX_MAX,watershed,climate,
,class,ANNUAL_TMAX_MIN,watershed,climate,
,class,ANNUAL_TMAX_HL_RATIO,watershed,climate,
[],list,MONTHLY_TMAX,watershed,climate,
,class,JF_BULK_DEN_AVG,localwatershed,Falcone,
,class,JF_CLAY_AVG,localwatershed,Falcone,
,class,JF_CONTACT_AVG,localwatershed,Falcone,
,class,JF_H2O_CAPACITY_AVG,localwatershed,Falcone,
,class,JF_H2O_TABLE_DEPTH_AVG,localwatershed,Falcone,
,class,JF_HGA_AVG,localwatershed,Falcone,
,class,JF_HGAC_AVG,localwatershed,Falcone,
,class,JF_HGAD_AVG,localwatershed,Falcone,
,class,JF_HGB_AVG,localwatershed,Falcone,
,class,JF_HGBC_AVG,localwatershed,Falcone,
,class,JF_HGBD_AVG,localwatershed,Falcone,
,class,JF_HGC_AVG,localwatershed,Falcone,
,class,JF_HGCD_AVG,localwatershed,Falcone,
,class,JF_HGD_AVG,localwatershed,Falcone,
,class,JF_HGVAR_AVG,localwatershed,Falcone,
,class,JF_IE_AVG,localwatershed,Falcone,
,class,JF_KFACT_AVG,localwatershed,Falcone,
,class,JF_ORG_MATTER_AVG,localwatershed,Falcone,
,class,JF_OVERLAND_FLOW_AVG,localwatershed,Falcone,
,class,JF_PERC_SNOW_AVG,localwatershed,Falcone,
,class,JF_PERC_SOIL_074MM_AVG,localwatershed,Falcone,
,class,JF_PERC_SOIL_2MM_AVG,localwatershed,Falcone,
,class,JF_PERC_SOIL_5MM_AVG,localwatershed,Falcone,
,class,JF_PERMEABILITY_AVG,localwatershed,Falcone,
,class,JF_PET_AVG,localwatershed,Falcone,
,class,JF_RFACT_AVG,localwatershed,Falcone,
,class,JF_ROCK_DEPTH_AVG,localwatershed,Falcone,
,class,JF_RUNOFF_ANN_AVG,localwatershed,Falcone,
,class,JF_RUNOFF_APR_AVG,localwatershed,Falcone,
,class,JF_RUNOFF_AUG_AVG,localwatershed,Falcone,
,class,JF_RUNOFF_DEC_AVG,localwatershed,Falcone,
,class,JF_RUNOFF_FEB_AVG,localwatershed,Falcone,
,class,JF_RUNOFF_JAN_AVG,localwatershed,Falcone,
,class,JF_RUNOFF_JUL_AVG,localwatershed,Falcone,
,class,JF_RUNOFF_JUN_AVG,localwatershed,Falcone,
,class,JF_RUNOFF_MAR_AVG,localwatershed,Falcone,
,class,JF_RUNOFF_MAY_AVG,localwatershed,Falcone,
,class,JF_RUNOFF_NOV_AVG,localwatershed,Falcone,
,class,JF_RUNOFF_OCT_AVG,localwatershed,Falcone,
,class,JF_RUNOFF_SEP_AVG,localwatershed,Falcone,
,class,JF_RUNOFF7100_AVG,localwatershed,Falcone,
,class,JF_SAND_AVG,localwatershed,Falcone,
,class,JF_SILT_AVG,localwatershed,Falcone,
,class,JF_SURF_GEOL_DOM,localwatershed,Falcone,
,class,JF_SURF_GEOL_VAR,localwatershed,Falcone,
,list,JF_SURF_GEOL_COVER,localwatershed,Falcone,
,class,JF_TOPOWET_AVG,localwatershed,Falcone,
,class,SLOPE_AVG,localwatershed,topography,
,class,SLOPE_MAX,localwatershed,topography,
,class,ASPECT_DOM,localwatershed,topography,
,class,LC2010_L1_DOM,localwatershed,landCover,
,class,LC2010_L1_VAR,localwatershed,landCover,
[],list,LC2010_L1_COVER,localwatershed,landCover,
,class,LC2010_L2_DOM,localwatershed,landCover,
,class,LC2010_L2_VAR,localwatershed,landCover,
[],list,LC2010_L2_COVER,localwatershed,landCover,
,class,LC2010_L3_DOM,localwatershed,landCover,
,class,LC2010_L3_VAR,localwatershed,landCover,
[],list,LC2010_L3_COVER,localwatershed,landCover,
,class,LC2016_L1_DOM,localwatershed,landCover,
,class,LC2016_L1_VAR,localwatershed,landCover,
[],list,LC2016_L1_COVER,localwatershed,landCover,
,class,LC2016_L2_DOM,localwatershed,landCover,
,class,LC2016_L2_VAR,localwatershed,landCover,
[],list,LC2016_L2_COVER,localwatershed,landCover,
,class,LC2011_L1_DOM,localwatershed,landCover,
,class,LC2011_L1_VAR,localwatershed,landCover,
[],list,LC2011_L1_COVER,localwatershed,landCover,
,class,LC2011_L2_DOM,localwatershed,landCover,
,class,LC2011_L2_VAR,localwatershed,landCover,
[],list,LC2011_L2_COVER,localwatershed,landCover,
,class,LC2006_L1_DOM,localwatershed,landCover,
,class,LC2006_L1_VAR,localwatershed,landCover,
[],list,LC2006_L1_COVER,localwatershed,landCover,
,class,LC2006_L2_DOM,localwatershed,landCover,
,class,LC2006_L2_VAR,localwatershed,landCover,
[],list,LC2006_L2_COVER,localwatershed,landCover,
,class,LC2001_L1_DOM,localwatershed,landCover,AOGC
,class,LC2001_L1_VAR,localwatershed,landCover,AOGC
[],list,LC2001_L1_COVER,localwatershed,landCover,AOGC
,class,LC2001_L2_DOM,localwatershed,landCover,AOGC
,class,LC2001_L2_VAR,localwatershed,landCover,AOGC
[],list,LC2001_L2_COVER,localwatershed,landCover,
,class,LC1992_L1_DOM,localwatershed,landCover,
,class,LC1992_L1_VAR,localwatershed,landCover,
[],list,LC1992_L1_COVER,localwatershed,landCover,
,class,LC1992_L2_DOM,localwatershed,landCover,
,class,LC1992_L2_VAR,localwatershed,landCover,NID
[],list,LC1992_L2_COVER,localwatershed,landCover,NID
,class,LC1980_L1_DOM,localwatershed,landCover,NPDES
,class,LC1980_L1_VAR,localwatershed,landCover,NPDES
[],list,LC1980_L1_COVER,localwatershed,landCover,
,class,LC1980_L2_DOM,localwatershed,landCover,
,class,LC1980_L2_VAR,localwatershed,landCover,
[],list,LC1980_L2_COVER,localwatershed,landCover,
,class,CANOPY_2001,localwatershed,landCover,
,class,SPRING_DEN,localwatershed,hydrology,
,class,STREAM_SLOPE_AVG,localwatershed,hydrology,
,class,STREAM_SLOPE_MAX,localwatershed,hydrology,
,class,OIL_GAS_WELL_DEN,localwatershed,humans,
,class,GAS_ACTIVE_WELL_DEN,localwatershed,humans,
,class,GAS_ALL_WELL_DEN,localwatershed,humans,
,class,OIL_ACTIVE_WELL_DEN,localwatershed,humans,
,class,OIL_ALL_WELL_DEN,localwatershed,humans,
,class,IMPERVIOUS_2016_2016,localwatershed,humans,
,class,IMPERVIOUS_2011,localwatershed,humans,
,class,IMPERVIOUS_2006,localwatershed,humans,
,class,IMPERVIOUS_2001,localwatershed,humans,
,class,ROAD_DENSITY_2011,localwatershed,humans,
[],list,ROAD_TYPE_DENSITY_2011,localwatershed,humans,
,class,DAM_DEN,localwatershed,humans,
,class,DAM_STOR,localwatershed,humans,
,class,NPDES_ALL_DEN,localwatershed,humans,
,class,NPDES_MAJ_DEN,localwatershed,humans,
,class,SOIL_DOM,localwatershed,geology,
,class,SOIL_VAR,localwatershed,geology,
[],list,SOIL_COVER,localwatershed,geology,
,class,SOIL_HYDRO_GROUP,localwatershed,geology,
,class,GEOLOGY_DOM,localwatershed,geology,
,class,GEOLOGY_VAR,localwatershed,geology,
[],list,GEOLOGY_COVER,localwatershed,geology,
,class,GEOLOGY_MINOR_DOM,localwatershed,geology,
,class,GEOLOGY_MINOR_VAR,localwatershed,geology,
[],list,GEOLOGY_MINOR_COVER,localwatershed,geology,
,class,SAND_SILT_CLAY,localwatershed,geology,
,class,JF_BULK_DEN_AVG,riparian,Falcone,
,class,JF_CLAY_AVG,riparian,Falcone,
,class,JF_CONTACT_AVG,riparian,Falcone,
,class,JF_H2O_CAPACITY_AVG,riparian,Falcone,
,class,JF_H2O_TABLE_DEPTH_AVG,riparian,Falcone,
,class,JF_HGA_AVG,riparian,Falcone,
,class,JF_HGAC_AVG,riparian,Falcone,
,class,JF_HGAD_AVG,riparian,Falcone,
,class,JF_HGB_AVG,riparian,Falcone,
,class,JF_HGBC_AVG,riparian,Falcone,
,class,JF_HGBD_AVG,riparian,Falcone,
,class,JF_HGC_AVG,riparian,Falcone,
,class,JF_HGCD_AVG,riparian,Falcone,
,class,JF_HGD_AVG,riparian,Falcone,
,class,JF_HGVAR_AVG,riparian,Falcone,
,class,JF_IE_AVG,riparian,Falcone,
,class,JF_KFACT_AVG,riparian,Falcone,
,class,JF_ORG_MATTER_AVG,riparian,Falcone,
,class,JF_OVERLAND_FLOW_AVG,riparian,Falcone,
,class,JF_PERC_SNOW_AVG,riparian,Falcone,
,class,JF_PERC_SOIL_074MM_AVG,riparian,Falcone,
,class,JF_PERC_SOIL_2MM_AVG,riparian,Falcone,
,class,JF_PERC_SOIL_5MM_AVG,riparian,Falcone,
,class,JF_PERMEABILITY_AVG,riparian,Falcone,
,class,JF_PET_AVG,riparian,Falcone,
,class,JF_RFACT_AVG,riparian,Falcone,
,class,JF_ROCK_DEPTH_AVG,riparian,Falcone,
,class,JF_RUNOFF_ANN_AVG,riparian,Falcone,
,class,JF_RUNOFF_APR_AVG,riparian,Falcone,
,class,JF_RUNOFF_AUG_AVG,riparian,Falcone,
,class,JF_RUNOFF_DEC_AVG,riparian,Falcone,
,class,JF_RUNOFF_FEB_AVG,riparian,Falcone,
,class,JF_RUNOFF_JAN_AVG,riparian,Falcone,
,class,JF_RUNOFF_JUL_AVG,riparian,Falcone,
,class,JF_RUNOFF_JUN_AVG,riparian,Falcone,
,class,JF_RUNOFF_MAR_AVG,riparian,Falcone,
,class,JF_RUNOFF_MAY_AVG,riparian,Falcone,
,class,JF_RUNOFF_NOV_AVG,riparian,Falcone,
,class,JF_RUNOFF_OCT_AVG,riparian,Falcone,
,class,JF_RUNOFF_SEP_AVG,riparian,Falcone,
,class,JF_RUNOFF7100_AVG,riparian,Falcone,
,class,JF_SAND_AVG,riparian,Falcone,
,class,JF_SILT_AVG,riparian,Falcone,
,class,JF_SURF_GEOL_DOM,riparian,Falcone,
,class,JF_SURF_GEOL_VAR,riparian,Falcone,
,list,JF_SURF_GEOL_COVER,riparian,Falcone,
,class,JF_TOPOWET_AVG,riparian,Falcone,
,class,SLOPE_AVG,riparian,topography,
,class,SLOPE_MAX,riparian,topography,
,class,ASPECT_DOM,riparian,topography,
,class,SPRING_DEN,riparian,hydrology,
,class,LC2010_L1_DOM,riparian,landCover,
,class,LC2010_L1_VAR,riparian,landCover,
[],list,LC2010_L1_COVER,riparian,landCover,
,class,LC2010_L2_DOM,riparian,landCover,
,class,LC2010_L2_VAR,riparian,landCover,
[],list,LC2010_L2_COVER,riparian,landCover,
,class,LC2010_L3_DOM,riparian,landCover,
,class,LC2010_L3_VAR,riparian,landCover,
[],list,LC2010_L3_COVER,riparian,landCover,
,class,LC2016_L1_DOM,riparian,landCover,
,class,LC2016_L1_VAR,riparian,landCover,
[],list,LC2016_L1_COVER,riparian,landCover,
,class,LC2016_L2_DOM,riparian,landCover,
,class,LC2016_L2_VAR,riparian,landCover,
[],list,LC2016_L2_COVER,riparian,landCover,
,class,LC2011_L1_DOM,riparian,landCover,
,class,LC2011_L1_VAR,riparian,landCover,
[],list,LC2011_L1_COVER,riparian,landCover,
,class,LC2011_L2_DOM,riparian,landCover,AOGC
,class,LC2011_L2_VAR,riparian,landCover,AOGC
[],list,LC2011_L2_COVER,riparian,landCover,AOGC
,class,LC2006_L1_DOM,riparian,landCover,AOGC
,class,LC2006_L1_VAR,riparian,landCover,AOGC
[],list,LC2006_L1_COVER,riparian,landCover,
,class,LC2006_L2_DOM,riparian,landCover,
,class,LC2006_L2_VAR,riparian,landCover,
[],list,LC2006_L2_COVER,riparian,landCover,
,class,LC2001_L1_DOM,riparian,landCover,NID
,class,LC2001_L1_VAR,riparian,landCover,NID
[],list,LC2001_L1_COVER,riparian,landCover,NPDES
,class,LC2001_L2_DOM,riparian,landCover,NPDES
,class,LC2001_L2_VAR,riparian,landCover,
[],list,LC2001_L2_COVER,riparian,landCover,
,class,LC1992_L1_DOM,riparian,landCover,
,class,LC1992_L1_VAR,riparian,landCover,
[],list,LC1992_L1_COVER,riparian,landCover,
,class,LC1992_L2_DOM,riparian,landCover,
,class,LC1992_L2_VAR,riparian,landCover,
[],list,LC1992_L2_COVER,riparian,landCover,
,class,LC1980_L1_DOM,riparian,landCover,
,class,LC1980_L1_VAR,riparian,landCover,
[],list,LC1980_L1_COVER,riparian,landCover,
,class,LC1980_L2_DOM,riparian,landCover,
,class,LC1980_L2_VAR,riparian,landCover,
[],list,LC1980_L2_COVER,riparian,landCover,
,class,CANOPY_2001,riparian,landCover,
,class,OIL_GAS_WELL_DEN,riparian,humans,
,class,GAS_ACTIVE_WELL_DEN,riparian,humans,
,class,GAS_ALL_WELL_DEN,riparian,humans,
,class,OIL_ACTIVE_WELL_DEN,riparian,humans,
,class,OIL_ALL_WELL_DEN,riparian,humans,
,class,IMPERVIOUS_2016_2016,riparian,humans,
,class,IMPERVIOUS_2006,riparian,humans,
,class,IMPERVIOUS_2001,riparian,humans,
,class,ROAD_DENSITY_2011,riparian,humans,
[],class,ROAD_TYPE_DENSITY_2011,riparian,humans,
,class,DAM_DEN,riparian,humans,
,class,DAM_STOR,riparian,humans,
,class,NPDES_ALL_DEN,riparian,humans,
,class,NPDES_MAJ_DEN,riparian,humans,
,class,SOIL_DOM,riparian,geology,
,class,SOIL_VAR,riparian,geology,
[],list,SOIL_COVER,riparian,geology,
,class,SOIL_HYDRO_GROUP,riparian,geology,
,class,GEOLOGY_DOM,riparian,geology,
,class,GEOLOGY_VAR,riparian,geology,
[],list,GEOLOGY_COVER,riparian,geology,
,class,GEOLOGY_MINOR_DOM,riparian,geology,
,class,GEOLOGY_MINOR_VAR,riparian,geology,
[],list,GEOLOGY_MINOR_COVER,riparian,geology,
,class,SAND_SILT_CLAY,riparian,geology,
,class,JF_BULK_DEN_AVG,localriparian,Falcone,
,class,JF_CLAY_AVG,localriparian,Falcone,
,class,JF_CONTACT_AVG,localriparian,Falcone,
,class,JF_H2O_CAPACITY_AVG,localriparian,Falcone,
,class,JF_H2O_TABLE_DEPTH_AVG,localriparian,Falcone,
,class,JF_HGA_AVG,localriparian,Falcone,
,class,JF_HGAC_AVG,localriparian,Falcone,
,class,JF_HGAD_AVG,localriparian,Falcone,
,class,JF_HGB_AVG,localriparian,Falcone,
,class,JF_HGBC_AVG,localriparian,Falcone,
,class,JF_HGBD_AVG,localriparian,Falcone,
,class,JF_HGC_AVG,localriparian,Falcone,
,class,JF_HGCD_AVG,localriparian,Falcone,
,class,JF_HGD_AVG,localriparian,Falcone,
,class,JF_HGVAR_AVG,localriparian,Falcone,
,class,JF_IE_AVG,localriparian,Falcone,
,class,JF_KFACT_AVG,localriparian,Falcone,
,class,JF_ORG_MATTER_AVG,localriparian,Falcone,
,class,JF_OVERLAND_FLOW_AVG,localriparian,Falcone,
,class,JF_PERC_SNOW_AVG,localriparian,Falcone,
,class,JF_PERC_SOIL_074MM_AVG,localriparian,Falcone,
,class,JF_PERC_SOIL_2MM_AVG,localriparian,Falcone,
,class,JF_PERC_SOIL_5MM_AVG,localriparian,Falcone,
,class,JF_PERMEABILITY_AVG,localriparian,Falcone,
,class,JF_PET_AVG,localriparian,Falcone,
,class,JF_RFACT_AVG,localriparian,Falcone,
,class,JF_ROCK_DEPTH_AVG,localriparian,Falcone,
,class,JF_RUNOFF_ANN_AVG,localriparian,Falcone,
,class,JF_RUNOFF_APR_AVG,localriparian,Falcone,
,class,JF_RUNOFF_AUG_AVG,localriparian,Falcone,
,class,JF_RUNOFF_DEC_AVG,localriparian,Falcone,
,class,JF_RUNOFF_FEB_AVG,localriparian,Falcone,
,class,JF_RUNOFF_JAN_AVG,localriparian,Falcone,
,class,JF_RUNOFF_JUL_AVG,localriparian,Falcone,
,class,JF_RUNOFF_JUN_AVG,localriparian,Falcone,
,class,JF_RUNOFF_MAR_AVG,localriparian,Falcone,
,class,JF_RUNOFF_MAY_AVG,localriparian,Falcone,
,class,JF_RUNOFF_NOV_AVG,localriparian,Falcone,
,class,JF_RUNOFF_OCT_AVG,localriparian,Falcone,
,class,JF_RUNOFF_SEP_AVG,localriparian,Falcone,
,class,JF_RUNOFF7100_AVG,localriparian,Falcone,
,class,JF_SAND_AVG,localriparian,Falcone,
,class,JF_SILT_AVG,localriparian,Falcone,
,class,JF_SURF_GEOL_DOM,localriparian,Falcone,
,class,JF_SURF_GEOL_VAR,localriparian,Falcone,
,list,JF_SURF_GEOL_COVER,localriparian,Falcone,
,class,JF_TOPOWET_AVG,localriparian,Falcone,
,class,SLOPE_AVG,localriparian,topography,
,class,SLOPE_MAX,localriparian,topography,
,class,ASPECT_DOM,localriparian,topography,
,class,SPRING_DEN,localriparian,hydrology,
,class,LC2010_L1_DOM,localriparian,landCover,
,class,LC2010_L1_VAR,localriparian,landCover,
[],list,LC2010_L1_COVER,localriparian,landCover,
,class,LC2010_L2_DOM,localriparian,landCover,
,class,LC2010_L2_VAR,localriparian,landCover,
[],list,LC2010_L2_COVER,localriparian,landCover,
,class,LC2010_L3_DOM,localriparian,landCover,
,class,LC2010_L3_VAR,localriparian,landCover,
[],list,LC2010_L3_COVER,localriparian,landCover,
,class,LC2016_L1_DOM,localriparian,landCover,
,class,LC2016_L1_VAR,localriparian,landCover,
[],list,LC2016_L1_COVER,localriparian,landCover,
,class,LC2016_L2_DOM,localriparian,landCover,AOGC
,class,LC2016_L2_VAR,localriparian,landCover,AOGC
[],list,LC2016_L2_COVER,localriparian,landCover,AOGC
,class,LC2011_L1_DOM,localriparian,landCover,AOGC
,class,LC2011_L1_VAR,localriparian,landCover,AOGC
[],list,LC2011_L1_COVER,localriparian,landCover,
,class,LC2011_L2_DOM,localriparian,landCover,
,class,LC2011_L2_VAR,localriparian,landCover,
[],list,LC2011_L2_COVER,localriparian,landCover,
,class,LC2006_L1_DOM,localriparian,landCover,
,class,LC2006_L1_VAR,localriparian,landCover,NID
[],list,LC2006_L1_COVER,localriparian,landCover,NID
,class,LC2006_L2_DOM,localriparian,landCover,NPDES
,class,LC2006_L2_VAR,localriparian,landCover,NPDES
[],list,LC2006_L2_COVER,localriparian,landCover,
,class,LC2001_L1_DOM,localriparian,landCover,
,class,LC2001_L1_VAR,localriparian,landCover,
[],list,LC2001_L1_COVER,localriparian,landCover,
,class,LC2001_L2_DOM,localriparian,landCover,
,class,LC2001_L2_VAR,localriparian,landCover,
[],list,LC2001_L2_COVER,localriparian,landCover,
,class,LC1992_L1_DOM,localriparian,landCover,
,class,LC1992_L1_VAR,localriparian,landCover,
[],list,LC1992_L1_COVER,localriparian,landCover,
,class,LC1992_L2_DOM,localriparian,landCover,
,class,LC1992_L2_VAR,localriparian,landCover,
[],list,LC1992_L2_COVER,localriparian,landCover,
,class,LC1980_L1_DOM,localriparian,landCover,
,class,LC1980_L1_VAR,localriparian,landCover,
[],list,LC1980_L1_COVER,localriparian,landCover,
,class,LC1980_L2_DOM,localriparian,landCover,
,class,LC1980_L2_VAR,localriparian,landCover,
[],list,LC1980_L2_COVER,localriparian,landCover,
,class,CANOPY_2001,localriparian,landCover,
,class,OIL_GAS_WELL_DEN,localriparian,humans,
,class,GAS_ACTIVE_WELL_DEN,localriparian,humans,
,class,GAS_ALL_WELL_DEN,localriparian,humans,
,class,OIL_ACTIVE_WELL_DEN,localriparian,humans,
,class,OIL_ALL_WELL_DEN,localriparian,humans,
,class,IMPERVIOUS_2016_2016,localriparian,humans,
,class,IMPERVIOUS_2011,localriparian,humans,
,class,IMPERVIOUS_2006,localriparian,humans,
,class,IMPERVIOUS_2001,localriparian,humans,
,class,ROAD_DENSITY_2011,localriparian,humans,
[],list,ROAD_TYPE_DENSITY_2011,localriparian,humans,
,class,DAM_DEN,localriparian,humans,
,class,DAM_STOR,localriparian,humans,
,class,NPDES_ALL_DEN,localriparian,humans,
,class,NPDES_MAJ_DEN,localriparian,humans,
,class,SOIL_DOM,localriparian,geology,
,class,SOIL_VAR,localriparian,geology,
[],list,SOIL_COVER,localriparian,geology,
,class,SOIL_HYDRO_GROUP,localriparian,geology,
,class,GEOLOGY_DOM,localriparian,geology,
,class,GEOLOGY_VAR,localriparian,geology,
[],list,GEOLOGY_COVER,localriparian,geology,
,class,GEOLOGY_MINOR_DOM,localriparian,geology,
,class,GEOLOGY_MINOR_VAR,localriparian,geology,
[],list,GEOLOGY_MINOR_COVER,localriparian,geology,
,class,SAND_SILT_CLAY,localriparian,geology,
,class,ELEVATION_AVG,pathLinear,topography,
,class,ELEVATION_MAX,pathLinear,topography,
,class,ELEVATION_MIN,pathLinear,topography,
,class,ELEVATION_RANGE,pathLinear,topography,
,class,SLOPE_AVG,pathLinear,topography,
,class,SLOPE_MAX,pathLinear,topography,
,class,ASPECT_DOM,pathLinear,topography,
,class,LC2010_L1_DOM,pathLinear,landCover,
,class,LC2010_L1_VAR,pathLinear,landCover,AOGC
[],list,LC2010_L1_COVER,pathLinear,landCover,AOGC
,class,LC2010_L2_DOM,pathLinear,landCover,AOGC
,class,LC2010_L2_VAR,pathLinear,landCover,AOGC
[],list,LC2010_L2_COVER,pathLinear,landCover,AOGC
,class,LC2010_L3_DOM,pathLinear,landCover,
,class,LC2010_L3_VAR,pathLinear,landCover,
[],list,LC2010_L3_COVER,pathLinear,landCover,
,class,LC2016_L1_DOM,pathLinear,landCover,
,class,LC2016_L1_VAR,pathLinear,landCover,
[],list,LC2016_L1_COVER,pathLinear,landCover,
,class,LC2016_L2_DOM,pathLinear,landCover,
,class,LC2016_L2_VAR,pathLinear,landCover,
[],list,LC2016_L2_COVER,pathLinear,landCover,
,class,LC2006_L1_DOM,pathLinear,landCover,
,class,LC2006_L1_VAR,pathLinear,landCover,
[],list,LC2006_L1_COVER,pathLinear,landCover,
,class,LC2006_L2_DOM,pathLinear,landCover,
,class,LC2006_L2_VAR,pathLinear,landCover,
[],list,LC2006_L2_COVER,pathLinear,landCover,
,class,LC2001_L1_DOM,pathLinear,landCover,
,class,LC2001_L1_VAR,pathLinear,landCover,
[],list,LC2001_L1_COVER,pathLinear,landCover,
,class,LC2001_L2_DOM,pathLinear,landCover,
,class,LC2001_L2_VAR,pathLinear,landCover,
[],list,LC2001_L2_COVER,pathLinear,landCover,
,class,LC1992_L1_DOM,pathLinear,landCover,
,class,LC1992_L1_VAR,pathLinear,landCover,
[],list,LC1992_L1_COVER,pathLinear,landCover,
,class,LC1992_L2_DOM,pathLinear,landCover,
,class,LC1992_L2_VAR,pathLinear,landCover,
[],list,LC1992_L2_COVER,pathLinear,landCover,
,class,LC1980_L1_DOM,pathLinear,landCover,
,class,LC1980_L1_VAR,pathLinear,landCover,
[],list,LC1980_L1_COVER,pathLinear,landCover,
,class,LC1980_L2_DOM,pathLinear,landCover,
,class,LC1980_L2_VAR,pathLinear,landCover,
[],list,LC1980_L2_COVER,pathLinear,landCover,
,class,CANOPY_2001,pathLinear,landCover,
,class,STREAM_DEN,pathLinear,hydrology,
,class,OIL_GAS_WELL_DEN,pathLinear,humans,
,class,GAS_ACTIVE_WELL_DEN,pathLinear,humans,WorldClim
,class,GAS_ALL_WELL_DEN,pathLinear,humans,WorldClim
,class,OIL_ACTIVE_WELL_DEN,pathLinear,humans,WorldClim
,class,OIL_ALL_WELL_DEN,pathLinear,humans,WorldClim
,class,POP_DEN_2000,pathLinear,humans,WorldClim
,class,HOUSEHOLD_DEN_2000,pathLinear,humans,WorldClim
,class,NIGHTTIME_LIGHTS_1993,pathLinear,humans,WorldClim
,class,NIGHTTIME_LIGHTS_2003,pathLinear,humans,WorldClim
,class,PESTICIDE_1992_ALL,pathLinear,humans,WorldClim
[],list,PESTICIDE_1992_SPECIFIC,pathLinear,humans,WorldClim
,class,PESTICIDE_1997_ALL,pathLinear,humans,WorldClim
[],list,PESTICIDE_1997_SPECIFIC,pathLinear,humans,WorldClim
,class,IMPERVIOUS_2016_2016,pathLinear,humans,
,class,IMPERVIOUS_2011,pathLinear,humans,WorldClim
,class,IMPERVIOUS_2006,pathLinear,humans,WorldClim
,class,IMPERVIOUS_2001,pathLinear,humans,WorldClim
,class,ROAD_DENSITY_2011,pathLinear,humans,WorldClim
[],list,ROAD_TYPE_DENSITY_2011,pathLinear,humans,WorldClim
,class,FIRES_PER_DECADE,pathLinear,humans,WorldClim
[],list,FIRES_ANNUAL,pathLinear,humans,WorldClim
,class,OIL_GAS_2005,pathLinear,humans,WorldClim
,class,OIL_GAS_2000,pathLinear,humans,WorldClim
,class,OIL_GAS_1990,pathLinear,humans,WorldClim
,class,OIL_GAS_1980,pathLinear,humans,WorldClim
,class,OIL_GAS_1970,pathLinear,humans,Prism
,class,OIL_GAS_1960,pathLinear,humans,Prism
,class,OIL_GAS_1950,pathLinear,humans,Prism
,class,OIL_GAS_1940,pathLinear,humans,Prism
,class,OIL_GAS_1930,pathLinear,humans,Prism
,class,OIL_GAS_1920,pathLinear,humans,Prism
,class,OIL_GAS_1910,pathLinear,humans,Prism
,class,OIL_GAS_1900,pathLinear,humans,Prism
,class,OIL_GAS_pre1900,pathLinear,humans,Prism
,class,SOIL_DOM,pathLinear,geology,Prism
,class,SOIL_VAR,pathLinear,geology,Prism
[],list,SOIL_COVER,pathLinear,geology,Prism
,class,SOIL_HYDRO_GROUP,pathLinear,geology,Prism
,class,GEOLOGY_DOM,pathLinear,geology,Prism
,class,GEOLOGY_VAR,pathLinear,geology,Prism
[],list,GEOLOGY_COVER,pathLinear,geology,Prism
,class,SAND_SILT_CLAY,pathLinear,geology,
[],list,PRECIP_MONTHLY,pathLinear,climate,
[],list,TMEAN_MONTHLY,pathLinear,climate,
[],list,TMIN_MONTHLY,pathLinear,climate,
[],list,TMAX_MONTHLY,pathLinear,climate,
,class,ANNUAL_MEAN_TEMP,pathLinear,climate,
,class,ANNUAL_PRECIP,pathLinear,climate,
,class,ISOTHERMALITY,pathLinear,climate,
,class,MAX_TEMP_WARMEST_MONTH,pathLinear,climate,
,class,MEAN_DIURNAL_RANGE,pathLinear,climate,
,class,MEAN_TEMP_COLDEST_QUARTER,pathLinear,climate,
,class,MEAN_TEMP_DRIEST_QUARTER,pathLinear,climate,
,class,MEAN_TEMP_WARMEST_QUARTER,pathLinear,climate,
,class,MEAN_TEMP_WETTEST_QUARTER,pathLinear,climate,
,class,MIN_TEMP_COLDEST_MONTH,pathLinear,climate,
,class,PRECIP_COLDEST_QUARTER,pathLinear,climate,
,class,PRECIP_DRIEST_MONTH,pathLinear,climate,
,class,PRECIP_DRIEST_QUARTER,pathLinear,climate,
,class,PRECIP_SEASONALITY,pathLinear,climate,
,class,PRECIP_WARMEST_QUARTER,pathLinear,climate,
,class,PRECIP_WETTEST_MONTH,pathLinear,climate,
,class,PRECIP_WETTEST_QUARTER,pathLinear,climate,
,class,TEMP_ANNUAL_RANGE,pathLinear,climate,
,class,TEMP_SEASONALITY,pathLinear,climate,
,class,ANNUAL_PPT,pathLinear,climate,
,class,ANNUAL_PPT_MAX,pathLinear,climate,
,class,ANNUAL_PPT_MIN,pathLinear,climate,
,class,ANNUAL_PPT_HL_RATIO,pathLinear,climate,
[],list,MONTHLY_PPT,pathLinear,climate,
,class,ANNUAL_TMIN,pathLinear,climate,
,class,ANNUAL_TMIN_MAX,pathLinear,climate,
,class,ANNUAL_TMIN_MIN,pathLinear,climate,
,class,ANNUAL_TMIN_HL_RATIO,pathLinear,climate,
,class,WINTER_TMIN_AVG,pathLinear,climate,
[],list,MONTHLY_TMIN,pathLinear,climate,
,class,ANNUAL_TMAX,pathLinear,climate,
,class,ANNUAL_TMAX_MAX,pathLinear,climate,
,class,ANNUAL_TMAX_MIN,pathLinear,climate,
,class,ANNUAL_TMAX_HL_RATIO,pathLinear,climate,
[],list,MONTHLY_TMAX,pathLinear,climate,
,class,ELEVATION_AVG,pathStream,topography,
,class,ELEVATION_MAX,pathStream,topography,
,class,ELEVATION_MIN,pathStream,topography,
,class,ELEVATION_RANGE,pathStream,topography,
,class,SLOPE_AVG,pathStream,topography,
,class,SLOPE_MAX,pathStream,topography,AOGC
,class,ASPECT_DOM,pathStream,topography,AOGC
,class,LC2010_L1_DOM,pathStream,landCover,AOGC
,class,LC2010_L1_VAR,pathStream,landCover,AOGC
[],list,LC2010_L1_COVER,pathStream,landCover,AOGC
,class,LC2010_L2_DOM,pathStream,landCover,
,class,LC2010_L2_VAR,pathStream,landCover,
[],list,LC2010_L2_COVER,pathStream,landCover,
,class,LC2010_L3_DOM,pathStream,landCover,
,class,LC2010_L3_VAR,pathStream,landCover,
[],list,LC2010_L3_COVER,pathStream,landCover,
,class,LC2016_L1_DOM,pathStream,landCover,
,class,LC2016_L1_VAR,pathStream,landCover,
[],list,LC2016_L1_COVER,pathStream,landCover,
,class,LC2016_L2_DOM,pathStream,landCover,
,class,LC2016_L2_VAR,pathStream,landCover,
[],list,LC2016_L2_COVER,pathStream,landCover,
,class,LC2006_L1_DOM,pathStream,landCover,
,class,LC2006_L1_VAR,pathStream,landCover,
[],list,LC2006_L1_COVER,pathStream,landCover,
,class,LC2006_L2_DOM,pathStream,landCover,
,class,LC2006_L2_VAR,pathStream,landCover,
[],list,LC2006_L2_COVER,pathStream,landCover,
,class,LC2001_L1_DOM,pathStream,landCover,
,class,LC2001_L1_VAR,pathStream,landCover,
[],list,LC2001_L1_COVER,pathStream,landCover,
,class,LC2001_L2_DOM,pathStream,landCover,
,class,LC2001_L2_VAR,pathStream,landCover,
[],list,LC2001_L2_COVER,pathStream,landCover,
,class,LC1992_L1_DOM,pathStream,landCover,
,class,LC1992_L1_VAR,pathStream,landCover,
[],list,LC1992_L1_COVER,pathStream,landCover,
,class,LC1992_L2_DOM,pathStream,landCover,
,class,LC1992_L2_VAR,pathStream,landCover,
[],list,LC1992_L2_COVER,pathStream,landCover,
,class,LC1980_L1_DOM,pathStream,landCover,
,class,LC1980_L1_VAR,pathStream,landCover,
[],list,LC1980_L1_COVER,pathStream,landCover,
,class,LC1980_L2_DOM,pathStream,landCover,
,class,LC1980_L2_VAR,pathStream,landCover,
[],list,LC1980_L2_COVER,pathStream,landCover,
,class,CANOPY_2001,pathStream,landCover,WorldClim
,class,STREAM_SLOPE_AVG,pathStream,hydrology,WorldClim
,class,STREAM_SLOPE_MAX,pathStream,hydrology,WorldClim
,class,ARTIFICIAL_PATH,pathStream,hydrology,WorldClim
,class,CANAL,pathStream,hydrology,WorldClim
,class,OIL_GAS_WELL_DEN,pathStream,humans,WorldClim
,class,GAS_ACTIVE_WELL_DEN,pathStream,humans,WorldClim
,class,GAS_ALL_WELL_DEN,pathStream,humans,WorldClim
,class,OIL_ACTIVE_WELL_DEN,pathStream,humans,WorldClim
,class,OIL_ALL_WELL_DEN,pathStream,humans,WorldClim
,class,POP_DEN_2000,pathStream,humans,WorldClim
,class,HOUSEHOLD_DEN_2000,pathStream,humans,WorldClim
,class,NIGHTTIME_LIGHTS_1993,pathStream,humans,WorldClim
,class,NIGHTTIME_LIGHTS_2003,pathStream,humans,WorldClim
,class,PESTICIDE_1992_ALL,pathStream,humans,WorldClim
[],list,PESTICIDE_1992_SPECIFIC,pathStream,humans,WorldClim
,class,PESTICIDE_1997_ALL,pathStream,humans,WorldClim
[],list,PESTICIDE_1997_SPECIFIC,pathStream,humans,WorldClim
,class,IMPERVIOUS_2016_2016,pathStream,humans,
,class,IMPERVIOUS_2011,pathStream,humans,WorldClim
,class,IMPERVIOUS_2006,pathStream,humans,WorldClim
,class,IMPERVIOUS_2001,pathStream,humans,WorldClim
,class,ROAD_DENSITY_2011,pathStream,humans,WorldClim
[],list,ROAD_TYPE_DENSITY_2011,pathStream,humans,WorldClim
,class,FIRES_PER_DECADE,pathStream,humans,Prism
[],list,FIRES_ANNUAL,pathStream,humans,Prism
,class,OIL_GAS_2005,pathStream,humans,Prism
,class,OIL_GAS_2000,pathStream,humans,Prism
,class,OIL_GAS_1990,pathStream,humans,Prism
,class,OIL_GAS_1980,pathStream,humans,Prism
,class,OIL_GAS_1970,pathStream,humans,Prism
,class,OIL_GAS_1960,pathStream,humans,Prism
,class,OIL_GAS_1950,pathStream,humans,Prism
,class,OIL_GAS_1940,pathStream,humans,Prism
,class,OIL_GAS_1930,pathStream,humans,Prism
,class,OIL_GAS_1920,pathStream,humans,Prism
,class,OIL_GAS_1910,pathStream,humans,Prism
,class,OIL_GAS_1900,pathStream,humans,Prism
,class,OIL_GAS_pre1900,pathStream,humans,Prism
,class,SOIL_DOM,pathStream,geology,Prism
,class,SOIL_VAR,pathStream,geology,
[],list,SOIL_COVER,pathStream,geology,
,class,SOIL_HYDRO_GROUP,pathStream,geology,
,class,GEOLOGY_DOM,pathStream,geology,
,class,GEOLOGY_VAR,pathStream,geology,
[],list,GEOLOGY_COVER,pathStream,geology,
,class,SAND_SILT_CLAY,pathStream,geology,
[],list,PRECIP_MONTHLY,pathStream,climate,
[],list,TMEAN_MONTHLY,pathStream,climate,
[],list,TMIN_MONTHLY,pathStream,climate,
[],list,TMAX_MONTHLY,pathStream,climate,
,class,ANNUAL_MEAN_TEMP,pathStream,climate,
,class,ANNUAL_PRECIP,pathStream,climate,
,class,ISOTHERMALITY,pathStream,climate,
,class,MAX_TEMP_WARMEST_MONTH,pathStream,climate,
,class,MEAN_DIURNAL_RANGE,pathStream,climate,
,class,MEAN_TEMP_COLDEST_QUARTER,pathStream,climate,
,class,MEAN_TEMP_DRIEST_QUARTER,pathStream,climate,
,class,MEAN_TEMP_WARMEST_QUARTER,pathStream,climate,
,class,MEAN_TEMP_WETTEST_QUARTER,pathStream,climate,
,class,MIN_TEMP_COLDEST_MONTH,pathStream,climate,
,class,PRECIP_COLDEST_QUARTER,pathStream,climate,
,class,PRECIP_DRIEST_MONTH,pathStream,climate,
,class,PRECIP_DRIEST_QUARTER,pathStream,climate,
,class,PRECIP_SEASONALITY,pathStream,climate,
,class,PRECIP_WARMEST_QUARTER,pathStream,climate,
,class,PRECIP_WETTEST_MONTH,pathStream,climate,
,class,PRECIP_WETTEST_QUARTER,pathStream,climate,
,class,TEMP_ANNUAL_RANGE,pathStream,climate,
,class,TEMP_SEASONALITY,pathStream,climate,
,class,ANNUAL_PPT,pathStream,climate,
,class,ANNUAL_PPT_MAX,pathStream,climate,
,class,ANNUAL_PPT_MIN,pathStream,climate,
,class,ANNUAL_PPT_HL_RATIO,pathStream,climate,
[],list,MONTHLY_PPT,pathStream,climate,
,class,ANNUAL_TMIN,pathStream,climate,
,class,ANNUAL_TMIN_MAX,pathStream,climate,
,class,ANNUAL_TMIN_MIN,pathStream,climate,
,class,ANNUAL_TMIN_HL_RATIO,pathStream,climate,
,class,WINTER_TMIN_AVG,pathStream,climate,
[],list,MONTHLY_TMIN,pathStream,climate,
,class,ANNUAL_TMAX,pathStream,climate,
,class,ANNUAL_TMAX_MAX,pathStream,climate,
,class,ANNUAL_TMAX_MIN,pathStream,climate,
,class,ANNUAL_TMAX_HL_RATIO,pathStream,climate,
[],list,MONTHLY_TMAX,pathStream,climate,
[],list,LC1986_Coweeta,watershed,,
[],list,LC1991_Coweeta,watershed,,
[],list,LC1996_Coweeta,watershed,,
[],list,LC2001_Coweeta,watershed,,
[],list,LC2006_Coweeta,watershed,,
[],list,LC2011_Coweeta,watershed,,
[],list,LC1986_Coweeta,riparian,,
[],list,LC1991_Coweeta,riparian,,
[],list,LC1996_Coweeta,riparian,,
[],list,LC2001_Coweeta,riparian,,
[],list,LC2006_Coweeta,riparian,,
[],list,LC2011_Coweeta,riparian,,
[],list,LC1986_Coweeta,localriparian,,
[],list,LC1991_Coweeta,localriparian,,
[],list,LC1996_Coweeta,localriparian,,
[],list,LC2001_Coweeta,localriparian,,
[],list,LC2006_Coweeta,localriparian,,
[],list,LC2011_Coweeta,localriparian,,
[],list,LC1986_Coweeta,localwatershed,,
[],list,LC1991_Coweeta,localwatershed,,
[],list,LC1996_Coweeta,localwatershed,,
[],list,LC2001_Coweeta,localwatershed,,
[],list,LC2006_Coweeta,localwatershed,,
[],list,LC2011_Coweeta,localwatershed,,
[],list,LC1986_Coweeta,local,,
[],list,LC1991_Coweeta,local,,
[],list,LC1996_Coweeta,local,,
[],list,LC2001_Coweeta,local,,
[],list,LC2006_Coweeta,local,,
[],list,LC2011_Coweeta,local,,
,class,LC2016_2001_L2_DOM,point,landCover,
,class,LC2016_2001_L2_VAR,point,landCover,
[],list,LC2016_2001_L2_COVER,point,landCover,
,class,LC2016_2001_L2_DOM,local,landCover,
,class,LC2016_2001_L2_VAR,local,landCover,
[],list,LC2016_2001_L2_COVER,local,landCover,
,class,LC2016_2001_L2_DOM,watershed,landCover,
,class,LC2016_2001_L2_VAR,watershed,landCover,
[],list,LC2016_2001_L2_COVER,watershed,landCover,
,class,LC2016_2001_L2_DOM,localwatershed,landCover,
,class,LC2016_2001_L2_VAR,localwatershed,landCover,
[],list,LC2016_2001_L2_COVER,localwatershed,landCover,
,class,LC2016_2001_L2_DOM,riparian,landCover,
,class,LC2016_2001_L2_VAR,riparian,landCover,
[],list,LC2016_2001_L2_COVER,riparian,landCover,
,class,LC2016_2001_L2_DOM,localriparian,landCover,
,class,LC2016_2001_L2_VAR,localriparian,landCover,
[],list,LC2016_2001_L2_COVER,localriparian,landCover,
,class,LC2016_2001_L1_DOM,point,landCover,
,class,LC2016_2001_L1_VAR,point,landCover,
[],list,LC2016_2001_L1_COVER,point,landCover,
,class,LC2016_2001_L1_DOM,local,landCover,
,class,LC2016_2001_L1_VAR,local,landCover,
[],list,LC2016_2001_L1_COVER,local,landCover,
,class,LC2016_2001_L1_DOM,watershed,landCover,
,class,LC2016_2001_L1_VAR,watershed,landCover,
[],list,LC2016_2001_L1_COVER,watershed,landCover,
,class,LC2016_2001_L1_DOM,localwatershed,landCover,
,class,LC2016_2001_L1_VAR,localwatershed,landCover,
[],list,LC2016_2001_L1_COVER,localwatershed,landCover,
,class,LC2016_2001_L1_DOM,riparian,landCover,
,class,LC2016_2001_L1_VAR,riparian,landCover,
[],list,LC2016_2001_L1_COVER,riparian,landCover,
,class,LC2016_2001_L1_DOM,localriparian,landCover,
,class,LC2016_2001_L1_VAR,localriparian,landCover,
[],list,LC2016_2001_L1_COVER,localriparian,landCover,
,class,LC2016_2004_L2_DOM,point,landCover,
,class,LC2016_2004_L2_VAR,point,landCover,
[],list,LC2016_2004_L2_COVER,point,landCover,
,class,LC2016_2004_L2_DOM,local,landCover,
,class,LC2016_2004_L2_VAR,local,landCover,
[],list,LC2016_2004_L2_COVER,local,landCover,
,class,LC2016_2004_L2_DOM,watershed,landCover,
,class,LC2016_2004_L2_VAR,watershed,landCover,
[],list,LC2016_2004_L2_COVER,watershed,landCover,
,class,LC2016_2004_L2_DOM,localwatershed,landCover,
,class,LC2016_2004_L2_VAR,localwatershed,landCover,
[],list,LC2016_2004_L2_COVER,localwatershed,landCover,
,class,LC2016_2004_L2_DOM,riparian,landCover,
,class,LC2016_2004_L2_VAR,riparian,landCover,
[],list,LC2016_2004_L2_COVER,riparian,landCover,
,class,LC2016_2004_L2_DOM,localriparian,landCover,
,class,LC2016_2004_L2_VAR,localriparian,landCover,
[],list,LC2016_2004_L2_COVER,localriparian,landCover,
,class,LC2016_2004_L1_DOM,point,landCover,
,class,LC2016_2004_L1_VAR,point,landCover,
[],list,LC2016_2004_L1_COVER,point,landCover,
,class,LC2016_2004_L1_DOM,local,landCover,
,class,LC2016_2004_L1_VAR,local,landCover,
[],list,LC2016_2004_L1_COVER,local,landCover,
,class,LC2016_2004_L1_DOM,watershed,landCover,
,class,LC2016_2004_L1_VAR,watershed,landCover,
[],list,LC2016_2004_L1_COVER,watershed,landCover,
,class,LC2016_2004_L1_DOM,localwatershed,landCover,
,class,LC2016_2004_L1_VAR,localwatershed,landCover,
[],list,LC2016_2004_L1_COVER,localwatershed,landCover,
,class,LC2016_2004_L1_DOM,riparian,landCover,
,class,LC2016_2004_L1_VAR,riparian,landCover,
[],list,LC2016_2004_L1_COVER,riparian,landCover,
,class,LC2016_2004_L1_DOM,localriparian,landCover,
,class,LC2016_2004_L1_VAR,localriparian,landCover,
[],list,LC2016_2004_L1_COVER,localriparian,landCover,
,class,LC2016_2006_L2_DOM,point,landCover,
,class,LC2016_2006_L2_VAR,point,landCover,
[],list,LC2016_2006_L2_COVER,point,landCover,
,class,LC2016_2006_L2_DOM,local,landCover,
,class,LC2016_2006_L2_VAR,local,landCover,
[],list,LC2016_2006_L2_COVER,local,landCover,
,class,LC2016_2006_L2_DOM,watershed,landCover,
,class,LC2016_2006_L2_VAR,watershed,landCover,
[],list,LC2016_2006_L2_COVER,watershed,landCover,
,class,LC2016_2006_L2_DOM,localwatershed,landCover,
,class,LC2016_2006_L2_VAR,localwatershed,landCover,
[],list,LC2016_2006_L2_COVER,localwatershed,landCover,
,class,LC2016_2006_L2_DOM,riparian,landCover,
,class,LC2016_2006_L2_VAR,riparian,landCover,
[],list,LC2016_2006_L2_COVER,riparian,landCover,
,class,LC2016_2006_L2_DOM,localriparian,landCover,
,class,LC2016_2006_L2_VAR,localriparian,landCover,
[],list,LC2016_2006_L2_COVER,localriparian,landCover,
,class,LC2016_2006_L1_DOM,point,landCover,
,class,LC2016_2006_L1_VAR,point,landCover,
[],list,LC2016_2006_L1_COVER,point,landCover,
,class,LC2016_2006_L1_DOM,local,landCover,
,class,LC2016_2006_L1_VAR,local,landCover,
[],list,LC2016_2006_L1_COVER,local,landCover,
,class,LC2016_2006_L1_DOM,watershed,landCover,
,class,LC2016_2006_L1_VAR,watershed,landCover,
[],list,LC2016_2006_L1_COVER,watershed,landCover,
,class,LC2016_2006_L1_DOM,localwatershed,landCover,
,class,LC2016_2006_L1_VAR,localwatershed,landCover,
[],list,LC2016_2006_L1_COVER,localwatershed,landCover,
,class,LC2016_2006_L1_DOM,riparian,landCover,
,class,LC2016_2006_L1_VAR,riparian,landCover,
[],list,LC2016_2006_L1_COVER,riparian,landCover,
,class,LC2016_2006_L1_DOM,localriparian,landCover,
,class,LC2016_2006_L1_VAR,localriparian,landCover,
[],list,LC2016_2006_L1_COVER,localriparian,landCover,
,class,LC2016_2008_L2_DOM,point,landCover,
,class,LC2016_2008_L2_VAR,point,landCover,
[],list,LC2016_2008_L2_COVER,point,landCover,
,class,LC2016_2008_L2_DOM,local,landCover,
,class,LC2016_2008_L2_VAR,local,landCover,
[],list,LC2016_2008_L2_COVER,local,landCover,
,class,LC2016_2008_L2_DOM,watershed,landCover,
,class,LC2016_2008_L2_VAR,watershed,landCover,
[],list,LC2016_2008_L2_COVER,watershed,landCover,
,class,LC2016_2008_L2_DOM,localwatershed,landCover,
,class,LC2016_2008_L2_VAR,localwatershed,landCover,
[],list,LC2016_2008_L2_COVER,localwatershed,landCover,
,class,LC2016_2008_L2_DOM,riparian,landCover,
,class,LC2016_2008_L2_VAR,riparian,landCover,
[],list,LC2016_2008_L2_COVER,riparian,landCover,
,class,LC2016_2008_L2_DOM,localriparian,landCover,
,class,LC2016_2008_L2_VAR,localriparian,landCover,
[],list,LC2016_2008_L2_COVER,localriparian,landCover,
,class,LC2016_2008_L1_DOM,point,landCover,
,class,LC2016_2008_L1_VAR,point,landCover,
[],list,LC2016_2008_L1_COVER,point,landCover,
,class,LC2016_2008_L1_DOM,local,landCover,
,class,LC2016_2008_L1_VAR,local,landCover,
[],list,LC2016_2008_L1_COVER,local,landCover,
,class,LC2016_2008_L1_DOM,watershed,landCover,
,class,LC2016_2008_L1_VAR,watershed,landCover,
[],list,LC2016_2008_L1_COVER,watershed,landCover,
,class,LC2016_2008_L1_DOM,localwatershed,landCover,
,class,LC2016_2008_L1_VAR,localwatershed,landCover,
[],list,LC2016_2008_L1_COVER,localwatershed,landCover,
,class,LC2016_2008_L1_DOM,riparian,landCover,
,class,LC2016_2008_L1_VAR,riparian,landCover,
[],list,LC2016_2008_L1_COVER,riparian,landCover,
,class,LC2016_2008_L1_DOM,localriparian,landCover,
,class,LC2016_2008_L1_VAR,localriparian,landCover,
[],list,LC2016_2008_L1_COVER,localriparian,landCover,
,class,LC2016_2011_L2_DOM,point,landCover,
,class,LC2016_2011_L2_VAR,point,landCover,
[],list,LC2016_2011_L2_COVER,point,landCover,
,class,LC2016_2011_L2_DOM,local,landCover,
,class,LC2016_2011_L2_VAR,local,landCover,
[],list,LC2016_2011_L2_COVER,local,landCover,
,class,LC2016_2011_L2_DOM,watershed,landCover,
,class,LC2016_2011_L2_VAR,watershed,landCover,
[],list,LC2016_2011_L2_COVER,watershed,landCover,
,class,LC2016_2011_L2_DOM,localwatershed,landCover,
,class,LC2016_2011_L2_VAR,localwatershed,landCover,
[],list,LC2016_2011_L2_COVER,localwatershed,landCover,
,class,LC2016_2011_L2_DOM,riparian,landCover,
,class,LC2016_2011_L2_VAR,riparian,landCover,
[],list,LC2016_2011_L2_COVER,riparian,landCover,
,class,LC2016_2011_L2_DOM,localriparian,landCover,
,class,LC2016_2011_L2_VAR,localriparian,landCover,
[],list,LC2016_2011_L2_COVER,localriparian,landCover,
,class,LC2016_2011_L1_DOM,point,landCover,
,class,LC2016_2011_L1_VAR,point,landCover,
[],list,LC2016_2011_L1_COVER,point,landCover,
,class,LC2016_2011_L1_DOM,local,landCover,
,class,LC2016_2011_L1_VAR,local,landCover,
[],list,LC2016_2011_L1_COVER,local,landCover,
,class,LC2016_2011_L1_DOM,watershed,landCover,
,class,LC2016_2011_L1_VAR,watershed,landCover,
[],list,LC2016_2011_L1_COVER,watershed,landCover,
,class,LC2016_2011_L1_DOM,localwatershed,landCover,
,class,LC2016_2011_L1_VAR,localwatershed,landCover,
[],list,LC2016_2011_L1_COVER,localwatershed,landCover,
,class,LC2016_2011_L1_DOM,riparian,landCover,
,class,LC2016_2011_L1_VAR,riparian,landCover,
[],list,LC2016_2011_L1_COVER,riparian,landCover,
,class,LC2016_2011_L1_DOM,localriparian,landCover,
,class,LC2016_2011_L1_VAR,localriparian,landCover,
[],list,LC2016_2011_L1_COVER,localriparian,landCover,
,class,LC2016_2013_L2_DOM,point,landCover,
,class,LC2016_2013_L2_VAR,point,landCover,
[],list,LC2016_2013_L2_COVER,point,landCover,
,class,LC2016_2013_L2_DOM,local,landCover,
,class,LC2016_2013_L2_VAR,local,landCover,
[],list,LC2016_2013_L2_COVER,local,landCover,
,class,LC2016_2013_L2_DOM,watershed,landCover,
,class,LC2016_2013_L2_VAR,watershed,landCover,
[],list,LC2016_2013_L2_COVER,watershed,landCover,
,class,LC2016_2013_L2_DOM,localwatershed,landCover,
,class,LC2016_2013_L2_VAR,localwatershed,landCover,
[],list,LC2016_2013_L2_COVER,localwatershed,landCover,
,class,LC2016_2013_L2_DOM,riparian,landCover,
,class,LC2016_2013_L2_VAR,riparian,landCover,
[],list,LC2016_2013_L2_COVER,riparian,landCover,
,class,LC2016_2013_L2_DOM,localriparian,landCover,
,class,LC2016_2013_L2_VAR,localriparian,landCover,
[],list,LC2016_2013_L2_COVER,localriparian,landCover,
,class,LC2016_2013_L1_DOM,point,landCover,
,class,LC2016_2013_L1_VAR,point,landCover,
[],list,LC2016_2013_L1_COVER,point,landCover,
,class,LC2016_2013_L1_DOM,local,landCover,
,class,LC2016_2013_L1_VAR,local,landCover,
[],list,LC2016_2013_L1_COVER,local,landCover,
,class,LC2016_2013_L1_DOM,watershed,landCover,
,class,LC2016_2013_L1_VAR,watershed,landCover,
[],list,LC2016_2013_L1_COVER,watershed,landCover,
,class,LC2016_2013_L1_DOM,localwatershed,landCover,
,class,LC2016_2013_L1_VAR,localwatershed,landCover,
[],list,LC2016_2013_L1_COVER,localwatershed,landCover,
,class,LC2016_2013_L1_DOM,riparian,landCover,
,class,LC2016_2013_L1_VAR,riparian,landCover,
[],list,LC2016_2013_L1_COVER,riparian,landCover,
,class,LC2016_2013_L1_DOM,localriparian,landCover,
,class,LC2016_2013_L1_VAR,localriparian,landCover,
[],list,LC2016_2013_L1_COVER,localriparian,landCover,
,class,LC2016_2016_L2_DOM,point,landCover,
,class,LC2016_2016_L2_VAR,point,landCover,
[],list,LC2016_2016_L2_COVER,point,landCover,
,class,LC2016_2016_L2_DOM,local,landCover,
,class,LC2016_2016_L2_VAR,local,landCover,
[],list,LC2016_2016_L2_COVER,local,landCover,
,class,LC2016_2016_L2_DOM,watershed,landCover,
,class,LC2016_2016_L2_VAR,watershed,landCover,
[],list,LC2016_2016_L2_COVER,watershed,landCover,
,class,LC2016_2016_L2_DOM,localwatershed,landCover,
,class,LC2016_2016_L2_VAR,localwatershed,landCover,
[],list,LC2016_2016_L2_COVER,localwatershed,landCover,
,class,LC2016_2016_L2_DOM,riparian,landCover,
,class,LC2016_2016_L2_VAR,riparian,landCover,
[],list,LC2016_2016_L2_COVER,riparian,landCover,
,class,LC2016_2016_L2_DOM,localriparian,landCover,
,class,LC2016_2016_L2_VAR,localriparian,landCover,
[],list,LC2016_2016_L2_COVER,localriparian,landCover,
,class,LC2016_2016_L1_DOM,point,landCover,
,class,LC2016_2016_L1_VAR,point,landCover,
[],list,LC2016_2016_L1_COVER,point,landCover,
,class,LC2016_2016_L1_DOM,local,landCover,
,class,LC2016_2016_L1_VAR,local,landCover,
[],list,LC2016_2016_L1_COVER,local,landCover,
,class,LC2016_2016_L1_DOM,watershed,landCover,
,class,LC2016_2016_L1_VAR,watershed,landCover,
[],list,LC2016_2016_L1_COVER,watershed,landCover,
,class,LC2016_2016_L1_DOM,localwatershed,landCover,
,class,LC2016_2016_L1_VAR,localwatershed,landCover,
[],list,LC2016_2016_L1_COVER,localwatershed,landCover,
,class,LC2016_2016_L1_DOM,riparian,landCover,
,class,LC2016_2016_L1_VAR,riparian,landCover,
[],list,LC2016_2016_L1_COVER,riparian,landCover,
,class,LC2016_2016_L1_DOM,localriparian,landCover,
,class,LC2016_2016_L1_VAR,localriparian,landCover,
[],list,LC2016_2016_L1_COVER,localriparian,landCover,
,class,IMPERVIOUS_2016_2001,point,humans,
,class,IMPERVIOUS_2016_2001,local,humans,
,class,IMPERVIOUS_2016_2001,watershed,humans,
,class,IMPERVIOUS_2016_2001,localwatershed,humans,
,class,IMPERVIOUS_2016_2001,riparian,humans,
,class,IMPERVIOUS_2016_2001,localriparian,humans,
,class,IMPERVIOUS_2016_2001,pathLinear,humans,
,class,IMPERVIOUS_2016_2001,pathStream,humans,
,class,IMPERVIOUS_2016_2006,point,humans,
,class,IMPERVIOUS_2016_2006,local,humans,
,class,IMPERVIOUS_2016_2006,watershed,humans,
,class,IMPERVIOUS_2016_2006,localwatershed,humans,
,class,IMPERVIOUS_2016_2006,riparian,humans,
,class,IMPERVIOUS_2016_2006,localriparian,humans,
,class,IMPERVIOUS_2016_2006,pathLinear,humans,
,class,IMPERVIOUS_2016_2006,pathStream,humans,
,class,IMPERVIOUS_2016_2011,point,humans,
,class,IMPERVIOUS_2016_2011,local,humans,
,class,IMPERVIOUS_2016_2011,watershed,humans,
,class,IMPERVIOUS_2016_2011,localwatershed,humans,
,class,IMPERVIOUS_2016_2011,riparian,humans,
,class,IMPERVIOUS_2016_2011,localriparian,humans,
,class,IMPERVIOUS_2016_2011,pathLinear,humans,
,class,IMPERVIOUS_2016_2011,pathStream,humans,
